url,type
01net.com/telecharger/,malware
flexytalk.net,malware
quickdomainfwd.com,malware
vlc.de,malware
audacity.de,malware
havenworks.com,malware
7zip.es,malware
7zip.fr,malware
7zip.it,malware
adblock.fr,malware
aresgalaxy.es,malware
audacity.es,malware
audacity.fr,malware
audacity.it,malware
audacity.pl,malware
azureus.es,malware
bittorrent.es,malware
bleachbit.com,malware
blender3d.es,malware
blender3d.fr,malware
bluestacksdownloads.com,malware
calibre.it,malware
celestia.es,malware
celestia.fr,malware
clonezilla.es,malware
clonezilla.fr,malware
clonezilla.it,malware
cyberduck.de,malware
cyberduck.es,malware
cyberduck.fr,malware
cyberduck.it,malware
filezilla.es,malware
filezilla.fr,malware
filezilla.it,malware
filezilla.net,malware
filezilla.pl,malware
freefilesync.com,malware
freerapid.fr,malware
garagebandforpc.org,malware
gimp.es,malware
gparted.fr,malware
gparted.it,malware
greenshot.fr,malware
greenshot.org,malware
handbrake.es,malware
handbrake.it,malware
inkscape.es,malware
inkscape.fr,malware
inkscape.it,malware
izarc.fr,malware
jdownloader.fr,malware
keepass.com,malware
keepass.de,malware
keepass.es,malware
keepass.fr,malware
keepass.it,malware
keepassxc.com,malware
notepad2.com,malware
office.org,malware
open-office.fr,malware
openoffice.de,malware
paintnet.es,malware
paintnet.fr,malware
paintnet.it,malware
pdfsam.com,malware
peazip.com,malware
qbittorrent.com,malware
scribus.fr,malware
scribus.it,malware
senuti.org,malware
smplayer.org,malware
stellarium.es,malware
stellarium.fr,malware
truecrypt.fr,malware
truecrypt.it,malware
truecrypt.pl,malware
unetbootin.net,malware
unetbootin.org,malware
utorrent.it,malware
virtualbox.es,malware
virtualbox.pl,malware
newsharecounts.s3-us-west-2.amazonaws.com/nsc.js$script,malware
googlo.co,malware
chairgaubsy.com,malware
epailseptox.com,malware
hentaiplaytime.com,malware
viewmypdf.com,malware
foxload.com,malware
aksia.co,malware
majorgeeks.com/images/icons/red_icon_18x17px.png$image,malware
reimageplus.com,malware
gjtech.net,malware
securemecca.com,malware
kuhoot.it,malware
gmboxx.com,malware
mr.media-bucket.com,malware
pl.allsports4free.club,malware
pl.allsports4u.club,malware
discount.s3blog.org,malware
s3blog.org$3p,malware
dataprovider.biz,malware
tplinkextender.net,malware
upload4earn.org,malware
newsfile.club,malware
clickpush.biz,malware
buzzadnetwork.com,malware
abcdserver.com,malware
americanoverlook.com,malware
anonnews.co,malware
embols.com,malware
endingthefed.com,malware
goneleft.com,malware
nephef.com,malware
newsbreakshere.com,malware
rilenews.com,malware
thecontroversialfiles.net,malware
voxtribune.com,malware
checkisreal.com,malware
mysecurify.com,malware
developsincelock.com,malware
gabriellalovecats.com,malware
jackielovedogs.com,malware
tomorrowwillbehotmaybe.com,malware
wiilberedmodels.com,malware
apple.com-*.live,malware
cobalten.com,malware
stremanp.com,malware
nextyourcontent.com,malware
geniusdexchange.com,malware
securecloud-smart.com,malware
doctopdftech.com,malware
best2019-games-web4.com,malware
track-enable.com,malware
searchdimension.com,malware
beqbox.com,malware
bblck.me,malware
glinks.co,malware
getsecuritysuite.com,malware
tncrun.net,malware
d3125zvx5yi5sj.cloudfront.net,malware
procdnvids.net,malware
prostream.to,malware
mybestclick.net$3p,malware
verified-extensions.com,malware
smsiak.pl,malware
smsy24.pl,malware
video-adblock.com,malware
vid-adblocker.com,malware
multiadblock.com,malware
popsads.link,malware
adverdirect.com,malware
euphe-gun.com,malware
bestwinexperience.com,malware
traffic-go.com,malware
bainushe.com,malware
streamssitesearch.com,malware
trackertrak.com,malware
newsinform.net,malware
bingstyle.com,malware
redirekted.com,malware
ptookaih.net,malware
blockskipad.com,malware
adpopblocker.com,malware
teenyreligious.com,malware
redirectsstm.click,malware
trafficjunction.com,malware
arclk.net,malware
clkepd.com,malware
btnativenav.com,malware
1111sale.us,malware
omgtnc.com,malware
bector-blotance.xyz,malware
bestoffer21.info,malware
n06.biz,malware
um-bredirect.com,malware
terlaby.com,malware
aff2021.com,malware
claspedtwelve.com,malware
glbltraffic.com,malware
0redirc.com,malware
inspirationhistorical.com,malware
maroohost.online,malware
rollmeout.xyz,malware
rouonixon.com,malware
amigosdetuciudad.com,malware
bb-delivery.icu,malware
incorphishor.com,malware
praterage-colled.com,malware
womeniovers.net,malware
fictiongroin.com,malware
goaffmy.com,malware
pwrtds.com,malware
trackbyfast.com,malware
trfrc.com,malware
1ts11.top,malware
dating.hdxvideos.ru,malware
cngcpy.com,malware
elevisions.biz,malware
eneverals.biz,malware
harzfriends.de,malware
moviesboys.com/*.shtml,malware
name0fbestway.com,malware
netund.com,malware
sex-is-here.com/*.shtml,malware
sexall.net/*.shtml,malware
upshroomishtor.com,malware
urtyert.com,malware
quellaplentyresolute.com,malware
hsrvu.com,malware
adtr1.com,malware
axdsz.pro,malware
datingapp.live,malware
retargetcore.com,malware
adating.link,malware
arthyredir.com,malware
aslnk.link,malware
benaughty.com,malware
searchdatestoday.com,malware
bnewsblite.me,malware
ckre.net,malware
doprinplupr.com,malware
gotohouse2.cc,malware
letmessagenow.com,malware
x-soft.club,malware
apilond.com,malware
tracklyfast.com,malware
atzekromchan.com,malware
pupok.link,malware
ntvpevnts.com,malware
aditserve.com,malware
onclickclear.com,malware
btpnav.com,malware
fecebook.com,malware
festinus.xyz,malware
secureleadsforever.com,malware
belbenback.live,malware
aleks-avto-rnd.ru,malware
clicks.affstrack.com,malware
weledying-jessed.com,malware
tweitter.com,malware
mqdownload.com,malware
trwl1.com,malware
clixwells.com,malware
wxhiojortldjyegtkx.bid,malware
pushmeup.art,malware
pushub.net,malware
"adserver*/?sdomain=,popup",malware
date4sex.pro,malware
s4f.net,malware
onlyfreetoonporn.com,malware
tilda.gb.net,malware
cleardexchange.com,malware
duellosheliced.com,malware
mokedirect.xyz,malware
srvpcn.com,malware
lone1y.com,malware
tr1net.com,malware
usdownload.widost.com,malware
cpttrcklnk.com,malware
neighborhoodsluts.com,malware
0redird.com,malware
turnhub.net,malware
411medias.com,malware
zedplays.com,malware
special-update.online,malware
success-news.net,malware
aloha-news.net,malware
bookgr8.com,malware
internetspeedtracker.com,malware
system-update-new-2021.com,malware
m7c4d5r7.stackpathcdn.com,malware
worldactualstories.com,malware
allhugenewz.com,malware
download-app.net,malware
lib2.biz,malware
myactualblog.com,malware
ne03.biz,malware
pu4.biz,malware
privatesinglesmeet.com,malware
readytosinglesmeet.com,malware
cleanphonefast.com,malware
fastphonebooster.com,malware
reimageplusminus.me,malware
flashymass.com,malware
luckywinner-web1.com,malware
theshoparound.com,malware
loverfuck.com,malware
profi-para.com,malware
onlineplus.click,malware
jashautchord.com,malware
trafempire.com,malware
goads.pro,malware
iamnaughty.com,malware
iwantu.com,malware
myhotdates.com,malware
onenightfriend.com,malware
buddygays.com,malware
localsnapsext.com,malware
heartmedia.biz,malware
totaltopposts.com,malware
djin.site,malware
ourhypewords.com,malware
antivirus.landerhd.com,malware
to6s.biz,malware
sweetgirls.date,malware
fast-travel.org,malware
typiccor.com,malware
wholedailyfeed.com,malware
love7date.info,malware
bestsecretflirt.com,malware
toplov.com,malware
gegenhartz.de,malware
marootrack.co,malware
besty-deals.com,malware
eudoxia-myr.com,malware
revpu.sh,malware
listen-heres.com,malware
date.sexpartnercommunity.com/landing/*,malware
cheaterboss.com,malware
wholewowblog.com,malware
cumshots.com,malware
multiflings.com,malware
real-women-online.com,malware
monglitch.monster,malware
d13nu0oomnx5ti.cloudfront.net,malware
quickdates1.com,malware
getmackeepersoftpro.xyz,malware
familysimulator.,malware
instaflrt.com,malware
singlesgetmatched.com,malware
dougale.com,malware
adblockfast.com,malware
bookofsex.com,malware
mydirtytinders.com,malware
fuckmore.com,malware
dotchaudou.com,malware
greengoplatform.com,malware
transportgoline.com,malware
gobacktothefuture.biz,malware
cofounderspecials.com,malware
weatherplllatform.com,malware
mauptaub.com,malware
see-what-is-trending.com,malware
owlfolk.com,malware
onlyfreelesbianporn.com,malware
family-simulators.com,malware
your-dates-tonight.com,malware
familysimulatorgame.com,malware
trackingboost.com,malware
update-protection.com,malware
asiaxdate.com,malware
hotsimulator.com,malware
mous9.biz,malware
ourcommonnews.com,malware
vehicle-insurance-quote.com,malware
systemupdatesy.life,malware
d135aysof2oufc.cloudfront.net,malware
advidates.com,malware
dvjqvdfujjvvkuyvhjqdvbjcmioljbhjmijq.s3.ap-northeast-1.amazonaws.com,malware
cmprotraf.club,malware
prelandappslab.com,malware
di02.biz,malware
adultonlineplay.com,malware
fastandslut.com,malware
familialsimulation.com,malware
imilroshoors.com,malware
trackhere.pl,malware
datingformeeting.com,malware
serving-passthrough.com,malware
familysimulators.,malware
uoutube.com,malware
ofchildr.buzz,malware
0redire.com,malware
celxkpdir.com,malware
xonedart-2.live,malware
androidnotice.com,malware
wholenicefeed.com,malware
updaterlife.com,malware
totalrecaptcha.top,malware
valrogrowth.com,malware
5.61.55.143,malware
mo11.biz,malware
37.1.213.100,malware
fearlessfont.info,malware
love88.club,malware
familysexsimulators.io,malware
23.109.87.170,malware
edfringe.com/*.php,malware
jmdinfotechs.com,malware
grakorte.com,malware
dearosaka.com,malware
smart-redirecting.com,malware
namebawancitel.gq,malware
androiddetection.com,malware
elooksjustli.one,malware
ikouthaupi.com,malware
keepsclean.com,malware
magictrack1.com,malware
my-cleaner.info,malware
news-zolehe.com,malware
ready-for-download.com,malware
rcuacroossonec.com.ua,malware
taitlastwebegan.com,malware
thbstvd.com,malware
vpn-connection-security.com,malware
yourpcnotification.com,malware
ztzguv.com,malware
belittlepads.com,malware
go2click.online,malware
datingmeetnet.com,malware
bndl-trp.com,malware
clean-2-clean.club,malware
top-official-app.com,malware
saworbpox.com,malware
pornonenight.com,malware
youfindadate.top,malware
xypthe.com,malware
besluor.com,malware
fehbsu.com,malware
cacto.cyou,malware
postyourlife.com,malware
rplnd60.com,malware
djpjwf.com,malware
iwinprize.xyz,malware
shosril.com,malware
meetamate.site,malware
niceelitdating.top,malware
dm09.biz,malware
floppyredirect.click,malware
ultimate-clean.club,malware
pcconelove.xyz,malware
premiumapps.cfd,malware
funuf.fun,malware
video.redwap.cam,malware
play.freeplayvideo.com,malware
cractica.xyz,malware
beyourxfriend.com,malware
bybygnom.com,malware
paderrer.com,malware
best-site-online.com,malware
haffnetworkmm.com,malware
softronline.click,malware
skipalos.xyz,malware
makenoads.com,malware
dateclique.life,malware
family-simulators.io,malware
familyfornicate.com,malware
speedtestnow.site,malware
programprotacol0.com,malware
lovedatee.net,malware
club-gagnant.online,malware
srengin.com,malware
dating.service2u.shop,malware
amazonaws.com/www.yournewlocalflingfinder7.com/,malware
dirtyfree.games,malware
familycheaters.net,malware
register.blissfulltimes.com,malware
geheimerseitensprung.com,malware
matches4you.info,malware
reifenachbarn.com,malware
done-install.com,malware
eboka.vip,malware
sanubix.vip,malware
magniffic-strean.com,malware
felicitakam.ru,malware
livestreamchatme.com,malware
livechatlove.store,malware
naughtymets.com,malware
linkprotecttrck.com,malware
www3secure.com,malware
midnighthookup.today,malware
padsthai.com,malware
doppelsbangers.com,malware
gometabank.com,malware
dirtyflirt9.com,malware
bestvideo.cloud,malware
bmtracks.com,malware
doublebangers.com,malware
waytau.com,malware
laddler.site,malware
bintrr.top,malware
tricksygirlw.com,malware
bustymeets.com,malware
aht42trk.com,malware
jasnathvibes.com,malware
falltes.site,malware
lewdmilfh22y.com,malware
attractivecutiewcx.com,malware
onecupcoffeereviews.com,malware
skollett.site,malware
browserneedupdate.com,malware
captchaallow.site,malware
click-allow.top,malware
girlwaityou.com,malware
feelfllirty.com,malware
spiendidates.com,malware
alone-here.online,malware
ogtrk.net,malware
secureconv-dl.com,malware
91.241.60.117,malware
mfilecloud.com,malware
xsharenode.com,malware
yuppdownload.com,malware
drop-cloud.com,malware
drop-cloud.org,malware
sharpfiledownload.com,malware
mega-share.pro,malware
soft-updt.com,malware
linksoft.site,malware
soft-file-free.com,malware
expertstudiopro.com,malware
link-ii.info,malware
expertprosoft.com,malware
thepcworld.net,malware
lorealis.vip,malware
one-click.cc,malware
descarga.pw,malware
top-cheats.com,malware
extsoft.app,malware
extra-software.com,malware
mega-gratis.com,malware
pc-gratis.com,malware
progamerhack.com,malware
winterseyegaming.com,malware
soft-lab.pw,malware
trumpcheat.com,malware
cheats.ink,malware
www.youtube.com/@Download-Links/,malware
www.youtube.com/@Download-lin/,malware
www.youtube.com/@download_here/,malware
www.youtube.com/@download-midnight/,malware
www.youtube.com/@Download-h/,malware
allsft.info,malware
allsft.pro,malware
allsft.shop,malware
cheat-world.site,malware
clc-link.me,malware
soft-portal.me,malware
nicesoftware.site,malware
upload.advgroup.ru/4Fb01xn1,malware
mediafire.com/folder/bhzkt4wjxzkmr/,malware
mediafire.com/folder/gbhbhm73350j9/,malware
mediafire.com/folder/3od5jmmfc87ie/,malware
mediafire.com/folder/92w8lt2acebtt/,malware
mediafire.com/folder/zbl3d5935yzf7/,malware
gamefree.vip,malware
cheater-pro.com,malware
liwishacks.com,malware
tophacks.pro,malware
lavacheat.com,malware
193.233.132.47,malware
193.233.132.86,malware
1perpersqe1.com,malware
atnpx.com,malware
best-winplace.life,malware
checkup08.biz,malware
illuminatelocks.com,malware
mfroute.com,malware
track-149uew.link,malware
update-phone-today.com,malware
webpushcloud.top,malware
workerz1.com,malware
xpayperinstx2.com,malware
zvideo-live.com,malware
koitushinterneinnehmen.s3.eu-central-1.amazonaws.com,malware
my-hookup-clubs1.com,malware
localsexfinderxxx4.com,malware
sinder8.com,malware
bigosext69.com,malware
captcharesolving-universe.com,malware
trfcbooost.com,malware
turboadblocker.com,malware
mysearchflow.com,malware
youtuba.com,malware
polyhymnia-mar.com,malware
bestbut.com,malware
girhub.com,malware
gmkail.com,malware
goglle.com,malware
linkefdin.com,malware
twitterr.com,malware
yautube.com,malware
yourube.com,malware
youtubee.com,malware
youtunbe.com,malware
youutube.com,malware
youvetube.com,malware
wanderlust.rocks,malware
harmlessmessage.com,malware
hushemail.net,malware
hushmailservice.com,malware
lavaboom.net,malware
privacyharbor.net,malware
privacyharbors.com,malware
prontonmailpro.com,malware
protonmails.com,malware
protonmails.net,malware
safemessagesystems.com,malware
silencemail.com,malware
tutamail.net,malware
tutanoto.com,malware
messagesafe.net,malware
msgsafe.net,malware
best4fuck.com,malware
kuaizip.com,malware
win.zjwhr.top,malware
geekotg.com,malware
xiaobaixitong.com,malware
daque.cn,malware
dabaicai.com,malware
qqfzn.com,malware
lubuntu.net,malware
gghacks.com,malware
rewardsgiantusa.com,malware
promotionsonlineusa.com,malware
displayoptoffers.com,malware
sweepstakesalerts.com,malware
qualityhealth.com,malware
consumerproductsusa.com,malware
get-cracked.com,malware
tinyurl.com/gp84uz2,malware
mediafiire.com,malware
onlinepromotionsusa.com,malware
greenadblocker.com,malware
flash.cn,malware
superdatenow3.com,malware
hentai-tube.me,malware
foxmods.xyz,malware
octopus-warriors.com,malware
futuretesla.net,malware
full-nitro.com,malware
gesas.it,malware
techinnsrl.com,malware
studiogiamberardino.it,malware
eniedu.com,malware
gamletaarnhuset.no,malware
possessedcrackinghart.com,malware
adblock-pro-download.com,malware
reepratic.com,malware
5vcjzwb1tsnd82g.caflu87p1d.ru,malware
cs2-twitchs.com,malware
dogehype.com,malware
cosmicdrift.co,malware
deltaproject.dev,malware
rblx.land,malware
csnegotiable.com,malware
olympofreptiles.io,malware
connect-csgo.com,malware
events-csgo.com,malware
nbryb.com,malware
onemacusa.com,malware
realnetnews.com,malware
rogueleader.org,malware
suggestive.com/deals/?cid=,malware
discordap.,malware
"discord*.gift,domain=~discord.gift",malware
"discord*.gifts,domain=~discord.gifts",malware
discord-give.,malware
discord-nitro.,malware
"discordgift.,domain=~discordgift.site",malware
dlscord*.,malware
dlscrod*.,malware
freediscordnitro.,malware
updatemobilee.com,malware
supreme-ad-blocker.info,malware
buyadvupfor24.com,malware
erdeallyighab.com,malware
allprizesforme.com,malware
tekhacks.net,malware
freedownloadfiles.org,malware
tw-goldenwinner-57.com,malware
fasterfiles.net,malware
yunosurveys.com,malware
a1475.com,malware
ts-group.com,malware
88btbtt.com,malware
musmentportal.com,malware
jinshanduba.org.cn,malware
phpstat.cntcm.com.cn/phpstat/count/abceffgh/abceffgh.js$script,malware
cdn.discordapp.com/attachments/916391647955279943/*,malware
sideload.net,malware
stc.tools,malware
stcverify.com,malware
1980s.click,malware
xforce-cracks.com,malware
fileisready.com,malware
yip.su/latestfiles|,malware
cli.re/premiumfiles|,malware
coronasfapps.net,malware
sustac.com,malware
theannoyingsite.com,malware
smartklick.biz,malware
zoosk.online,malware
fulptube.org,malware
i7ece0xrg4nx.com,malware
1redirc.com,malware
nutrientassumptionclaims.com,malware
onpharmvermen.com,malware
sale24-pills.com,malware
junk-cleaner.org,malware
hdvideosnet.com,malware
shaktilar.xyz,malware
fullcrack.vn,malware
phone-analyzer.com,malware
fetishpartner.com,malware
facevideosc.com,malware
geoflix.me,malware
skymods.net,malware
hypixelstorexyz.pages.dev,malware
slugmefilehos.xyz,malware
tinyurl.com/setup-full-version,malware
haxsoft.com,malware
sxfyjygs.com,malware
zenlytrade.com,malware
"rubika.ir,domain=~web.rubika.ir|~m.rubika.ir",malware
letrigaze.live,malware
luckypapa.top,malware
nbsfmradio.com,malware
ngazi.co.tz,malware
video-watch1.com,malware
musicinmysoul.biz,malware
choseoffhandsight.com,malware
metamasku.cc,malware
downloadpro.online,malware
install1nstall1.com,malware
factor1right.com,malware
speedsoft-one.com,malware
whitefuulsoft.com,malware
softredtech.com,malware
downloadfreexx1.com,malware
flymylife.info,malware
kochava.com,malware
neptunclicks.com,malware
oolomos.com,malware
arakusus.com,malware
imgfil.com,malware
urlcod.com,malware
tiurll.com,malware
urlca.com,malware
gowtos.com,malware
lomogd.com,malware
nosnou.com,malware
munkop.com,malware
voutew.com,malware
abukss.com,malware
amonro.com,malware
kiknu.com,malware
konmm.com,malware
bibtu.com,malware
xiuty.com,malware
pejik.com,malware
oyndr.com,malware
lpoms.com,malware
psfmi.com,malware
gftet.com,malware
fwern.com,malware
ytomb.com,malware
gghut.com,malware
nkmoo.com,malware
nnjou.com,malware
foilf.com,malware
vlyyg.com,malware
pimlm.com,malware
mciun.com,malware
sanff.com,malware
gghhe.com,malware
ooppnm.com,malware
vnomm.com,malware
nnggo.com,malware
vlcdownloads.com,malware
borntiecalm.live,malware
hypixei.com,malware
msverify.dev,malware
99box.com,malware
ezadblocker.com,malware
watchadsfree.com,malware
discordoauthverification.onrender.com,malware
barlear.ru,malware
mc-hypixel.store,malware
kaminarisubs.net,malware
galeden.cn,malware
3utilities.com,malware
engagingtheheart.com,malware
cpuz.beerworldstore.com,malware
bafybeidzp4sgidm4rvsc32fofkhbz5bdotbekov4mnwzejakvnzhhohysa.ipfs.dweb.link,malware
cpu-id.top,malware
r39-g003-h8ig0w-u8f0we8-fgw0rgf-0we880e-rhgth.obs.ap-southeast-2.myhuaweicloud.com,malware
bafybeiexjty7qmufu5jvbyln5ce5mue2lqw2htafc3api4wwsefxet5k54.ipfs.dweb.link,malware
jlydxj.com,malware
chargerlogistics-dot-exceldocsverification.uk.r.appspot.com,malware
bizerba-dot-azure-projectfiles.uk.r.appspot.com,malware
aidla64.com,malware
uahora.com,malware
cpuild.app,malware
alda64.com,malware
aida64ex.com,malware
metamaskw.cc,malware
taylormadesells.com,malware
withaaglad.top,malware
aajdrp.com,malware
italianlottery.com,malware
metamasek.cc,malware
theexpressiveteacher.com,malware
trashtotreasurecreativerecycling.com,malware
jacksoncookphotography.com,malware
michaelinachrysalis.com,malware
kucoinhi.com,malware
qhyhw.com,malware
kangawabeank.com,malware
007itshop.com,malware
megancroft.bond,malware
tonghongad.com,malware
thndg.com,malware
e-tax-nta.web.app,malware
ogdwild.bond,malware
haouwebb.bond,malware
sutarnbbe.bond,malware
dinglike.com,malware
stgami-o.top,malware
ib-aieonobanck-co-jp.top,malware
blisterlngdate.com,malware
fapello.xyz,malware
jsbetzh.com,malware
sersdlos.cyou,malware
pf0755.cn,malware
baoding66.top,malware
hohshops.com,malware
yanrefael.com,malware
amzpma.com,malware
hjxvcyu.com,malware
bojsror.space,malware
restgzxdg.top,malware
hehekakao.com,malware
bavaria-cup.ru,malware
patriothomestore.com,malware
ameixosszpxpass.top,malware
buyshflat.life,malware
jdongktx.com,malware
techguykev.com,malware
anzenns.com,malware
paekatcerd.com,malware
easy-vipmarkets.com,malware
pppfgz.wiki,malware
luckypapa.xyz,malware
reviewspay.cc,malware
jsdushid.com,malware
manage-fpw-my-sakura-fpw-jp-fpw.impulsion.mu,malware
honda-law-office.jp/wp-includes/70038/Earthcorejp/|,malware
metamasktoken.cc,malware
cutxkfair.live,malware
itsaol.com,malware
tokyu-dept.site,malware
qhigh.com,malware
yoinst.com,malware
shindaan.com,malware
almostmy.com,malware
mkwlejfnaklglkasdjg.com,malware
capitalfa.jp,malware
caponefx.com,malware
ifavoritebuy.com,malware
jpzone.vip,malware
aeonhelp.org,malware
tokyobag.shop,malware
zozo-jp.shop,malware
erdfkhxrnanm.top,malware
tfehmsag.xyz,malware
authority-uspser.top,malware
www.uspertest.vip,malware
benneteb18.shop,malware
bergeord20.shop,malware
geraidce16.shop,malware
maxwecor19.shop,malware
roryeico21.shop,malware
xqfefdkey.xyz,malware
corre-os.top,malware
aeonasco.com,malware
tokyo-waters.com,malware
tepco-tokyos.xyz,malware
app-bitbanlk-cc.weebly.com,malware
www-bitbenk-app.com,malware
artenthusiastany.sa.com,malware
oioi-tokye.top,malware
tpoint-sites.com,malware
cordialhoist.top,malware
ovxqtp.cfd,malware
aeoncojp.shop,malware
app.stocksj.xyz,malware
oioi-store.vip,malware
totalpcsecure.com,malware
my-docomo.tokyo,malware
pocket-888.com,malware
adblock-one-protection.com,malware
browser-updating.com,malware
webuzz.me,malware
crosmall.homes,malware
coup-ling.net,malware
coup-ling-dm.net,malware
pulan.site,malware
thostco.club,malware
jpmalls.xyz,malware
gokinjolove.jp,malware
gokinjolove.net,malware
misstt.top,malware
wonsy.top,malware
hornygirlsinapp.com,malware
id001.jp,malware
xbav.one,malware
ligmono.top,malware
10un.jp,malware
22dssklove-love.com,malware
3tuhabe.info,malware
4256-on.biz,malware
5dgja.com,malware
6aqr9j.com,malware
8senjya.jp,malware
a-divination.com,malware
ad7mylo.com,malware
advice-obtrusive.com,malware
after-pop-abc.com,malware
aiai-talk.com,malware
aiaitalk.com,malware
alicekdsod.com,malware
amour.bliss-trance.com,malware
amusementpalacegonow.com,malware
any2st777fhy.com,malware
aol-park.jp,malware
applaud-acclaim.com,malware
aqmessage.jp,malware
armed-postulation.com,malware
asetpun.com,malware
astraeus-star.site,malware
best-chat.net,malware
best-friendd.net,malware
best-friendd2022.net,malware
bestxchat.net,malware
bluew-web.com,malware
cabinet-office-go.com,malware
can-pq-dee.com,malware
car-na.jp,malware
cbcdnkyyxubdsrmg.com,malware
cdypsqghdgrw.com,malware
ce-ent.biz,malware
ce-free.biz,malware
ces-ent.biz,malware
ces-free.biz,malware
ch3l.net,malware
chl3.net,malware
clubfukugyou.work,malware
cosmos01.com,malware
cple.jp,malware
date-app.net,malware
days-neighborhood.com,malware
decided-decision.com,malware
determinatioon.jp,malware
dev.san47itu54szkk.jp,malware
di-ana.jp,malware
dosukoudo.net,malware
dot-acc.xyz,malware
drct-match.com,malware
drct-match.net,malware
dydynight.org,malware
eag1eag1e.com,malware
elegant-erection.com,malware
en-kakuri.biz,malware
en-mu-su-bi.com,malware
entertainment-undamped.net,malware
epel-felmier.com,malware
everyinfox2023.com,malware
eyes-luv-u.com,malware
f2f-free.biz,malware
fapp.work,malware
fl-0wer685hjdp300.com,malware
fle652.net,malware
flk41.com,malware
formatch.co.jp,malware
fortune-fate.jp,malware
fortune-koun.jp,malware
fortune-luna.com,malware
friendxroom.com,malware
ft-sou.com,malware
fukumaneki-888.com,malware
fukumaneki2211.com,malware
g6-gonight.org,malware
gabfbnaqodnvfafnj.com,malware
gandestin0.jp,malware
girls.a-makeup.com,malware
gm-ent.biz,malware
gm-free.biz,malware
gokusenn.jp,malware
goldenluck.jp,malware
happy468.net,malware
happymethod55.com,malware
hi-a-so-bi.net,malware
himatalk77.net,malware
himichat999.net,malware
home4ugoog10you.com,malware
homeseventen.com,malware
hope-for-shiningday.com,malware
hori-hori.xyz,malware
hp-dy.net,malware
hphp-dy.net,malware
i.redi-ana.jp,malware
i2019.jp,malware
in.other-geronica.com,malware
indiscerptible-provisionally.jp,malware
infoemphasiseleventh.com,malware
infooperationsqueeze.com,malware
infosmellleather.com,malware
indi-ana.jp,malware
ir0d0ri.jp,malware
iri195.net,malware
irie3.net,malware
iuckgzcbceycgjs.com,malware
ivy2241u.jp,malware
jamjamjam.biz,malware
k-colorful.jp,malware
k-smilegallery.com,malware
k0fu9.jp,malware
k1wa.jp,malware
kaiun-com.com,malware
kaiun-park.jp,malware
keep.secret-ace.com,malware
kin-hakobune777.com,malware
koifull.jp,malware
koiroom.net,malware
koiroomnotice.net,malware
kouhad0.jp,malware
koun-yogen.com,malware
l-one-one.com,malware
l-thr-thr.com,malware
l-two-two.com,malware
l0vekatsu.com,malware
lightn5.com,malware
lin-link.net,malware
line-line-biz.com,malware
link-service.net,malware
linkage-linkage.com,malware
log.xi-cascade.com,malware
love-fit.jp,malware
love-letter-dm.com,malware
love-letter.info,malware
love.sweet199.com,malware
loveaholics.com,malware
lovemelo.jp,malware
lover-stream.com,malware
luuce.jp,malware
lzogdlorkfssui.net,malware
machi-match.info,malware
madnna.jp,malware
madnna.net,malware
mangogo.jp,malware
mangogo.work,malware
married-court.com,malware
match-mate.jp,malware
match-mate.net,malware
matimati.site,malware
maytail.jp,malware
meguri-eye.net,malware
meguri-y.net,malware
meltiness.jp,malware
message117.jp,malware
mith-ril.net,malware
mobaapo.net,malware
moody-night.net,malware
moogle-set.space,malware
moogle-set.website,malware
moonsupermoon.moonmoonsunmoon.com,malware
muhamed-online.com,malware
my7love.xyz,malware
mystic-wonder.com,malware
naja59jg.com,malware
navi-match.net,malware
near-s.com,malware
nearing.jp,malware
neverthelessadvertising.com,malware
new.hpk0fu9.jp,malware
newencounter.pw,malware
nova.great-chat.net,malware
ntt4p6tgc.com,malware
nydlaepytwuekwhfyvivsf.com,malware
on-glamour.xyz,malware
one-chan-love.love,malware
one-match01.com,malware
onega.jp,malware
onegaga.jp,malware
oprirgreifeuprdlojeocg.com,malware
originatepour.com,malware
osubstancenasubstitute.com,malware
otona-nona.biz,malware
otonanona.jp,malware
otonatime.net,malware
oyasu-mi.tokyo,malware
p2p-ent.biz,malware
paesbeaqerdrsheuboapyh.com,malware
pair-online.jp,malware
piasukai.xyz,malware
pinkredwhitereef.greenreef.net,malware
plati-num.com,malware
pr0m.site,malware
privatelife.jp,malware
psg.make9-salon.com,malware
purpleiyvf.com,malware
r30address.com,malware
r30deai.com,malware
reddishpurple.com,malware
reverita-t.jp,malware
rhsrthrtjhe.com,malware
ripiai.com,malware
romancetime.jp,malware
romancetrain.jp,malware
royalclass-dm.com,malware
royalclass.info,malware
s4fk.destin0.jp,malware
salon1999.net,malware
salonoshirase.net,malware
sen-no-y-t.com,malware
shells.pairapple.net,malware
skpt9s.jp,malware
slow-piercer.com,malware
sns-pair.net,malware
soul-ft.com,malware
space-high.com,malware
spirilp3000.com,malware
spirituallounge-3000.com,malware
spkouhad0.jp,malware
ssg.qui261rd22.jp,malware
sugarboxxx.net,malware
sugulove.com,malware
suite0-free0.com,malware
sun.kgi5fgwpp8.com,malware
sweetmemo.net,malware
sweetmemoryy.com,malware
t1a.jp,malware
tadaapo123.com,malware
tadaapomail.com,malware
tadamatch.com,malware
tenluuce.jp,malware
terinron.com,malware
thanks-dot.com,malware
trgxchjiskfsxee.com,malware
tsumalabo.jp,malware
tttt.star095.com,malware
tumalabo.net,malware
tyotto.jp,malware
tyotyo.biz,malware
u3ig.com,malware
undetermined-whitish.com,malware
ura-nai-best.com,malware
vanilla-japan.net,malware
verita-t.jp,malware
very.bes-tplay.com,malware
vip.trust-site.net,malware
we.success-vichada.com,malware
with.2-on-line.com,malware
y3tkz53rz.com,malware
yu0287tk.com,malware
yumajhsbsff.com,malware
zmrbkwtmbvzmznv.com,malware
ztkjjhkzaidpanu.com,malware
2dfjwa.com,malware
8ngpmu.com,malware
addicted-to-u.com,malware
af6frm.com,malware
apple22cd.com,malware
back-rich.com,malware
cherry.mermaid77c.com,malware
dgduwb.com,malware
eeu5dt.com,malware
jivo-ce.jp,malware
md47ez.com,malware
online2022-shopping.com,malware
ptn9tf.com,malware
uxzdx5.com,malware
whimsicalrain.com,malware
6464f046fd436e46h.buzz,malware
franceexpress.net,malware
funwithflies.online,malware
japanshopforsale.fun,malware
japanshopforsale.store,malware
khjkhk.store,malware
malayriyabukhar.xyz,malware
meeturdate.com,malware
merachatkaghar.xyz,malware
myjapanonlineshop.xyz,malware
mynameserverok.xyz,malware
newdomainleloyarjaldiseab.beauty,malware
newdomianleloyarjaldiseabto.quest,malware
slapcleaner.com,malware
tatikhale.xyz,malware
2226wurpatw.tokyo,malware
ab5sa.com,malware
app.plum375ap.com,malware
asiansgetnaughty.com,malware
blackstunners.com,malware
bxg-h.jp,malware
budhump.com,malware
connect-wp.net,malware
electro-magneticwave.com,malware
eternal.mobius-loop.net,malware
fukuinnnokotoba.com,malware
humpbuds.com,malware
line-bs.com,malware
localsgowild.com,malware
naughtyfever.com,malware
nw-fzi.jp,malware
oo.opaall.com,malware
or-nl.jp,malware
sldg02.com,malware
sll-lp1f.com,malware
smart-chat.info,malware
tenseikaiun.com,malware
ui7aud5ei4uhx7.com,malware
v1v-g1ft-o7.com,malware
wish-spiritua.net,malware
woman-busi.com,malware
world-vision-central.com,malware
chaljakismat.xyz,malware
japanshopforsale.online,malware
omiaijapan.net,malware
japanclothing.in,malware
secure-57v.pages.dev,malware
sweepsdomains.co.uk,malware
windowliveinfo.live,malware
swaws.link,malware
amante-love1.com,malware
ll-m-work-2020.com,malware
pgym2t8p25uf3gz.com,malware
slb3cr9dx9.jp,malware
soku-h.net,malware
sukui05.com,malware
36vv-ssj.com,malware
4miracle4.jp,malware
4qy35wd.com,malware
7nwa.cxiujudffaitd.jp,malware
abc.youtus7216.com,malware
akfdfdnupyfy.com,malware
amari-ama.com,malware
ank.vop-95jszkk.jp,malware
attendantmulticultural.com,malware
axd.jp,malware
bambam-bi.com,malware
c-al-e1nder.com,malware
chocochipu-o.com,malware
chumsline.jp,malware
cosmos-metatrade.com,malware
da-ro-s.com,malware
dandelion-horsetail.work,malware
dddiey-s1d2.com,malware
ddeityy.com,malware
deaimatch.jp,malware
dream-by-catch.com,malware
everhotmet.com,malware
every-fpcx.com,malware
facebooc.jp,malware
ff-dai.net,malware
friendmatch.jp,malware
ganesha0910.com,malware
ganesha52697.com,malware
gm-we.jp,malware
gtir5die6sutngr.jpn.com,malware
happiness-gate.com,malware
happy-h0ur.jp,malware
heart-s2.com,malware
htjrs-6re-ew.com,malware
htre-vcf-d.com,malware
iikanjiyanakanjide.wixsite.com,malware
j75e-gfrs-df.com,malware
kisekichikara.com,malware
l1nefree.com,malware
loto-chance.com,malware
makoto-in-room.wixsite.com,malware
mercury-fortune-telling.net,malware
moira-101.com,malware
nem0phila000.com,malware
nitr5eur6fjhtsw.jpn.com,malware
npo-government.jp,malware
okai.work,malware
onegoodperday.com,malware
p3s18f1d0.com,malware
pa-ir.net,malware
pc.candlecandle.jp,malware
pcfdt0001.com,malware
pcfgdi0001.com,malware
pcfsb0001.com,malware
pdss3a1r.jp,malware
pfunding-01.com,malware
pororin081.com,malware
primal.premium-prism.net,malware
rainbow-fortune.biz,malware
rainbow-fortune.com,malware
rainbow-fortune.jp,malware
sall.etchat.jp,malware
som7ebb3.com,malware
somatryui53.com,malware
star-fortune.com,malware
stella1647.com,malware
supp0.jp,malware
toki-no-irodori.com,malware
tokyo-get-business.jp,malware
tomodachixoxo.wixsite.com,malware
triangle123.com,malware
trust-tarade.net,malware
txi-r.jp,malware
ukokjxfbdqwffmuvsd.jp,malware
umjditpwlb4f.com,malware
unmei-kaika.com,malware
ur54-htres.com,malware
very10.com,malware
vf5rkgirsir8ska.jpn.com,malware
vitop7eg5sqwgbk.jpn.com,malware
vixii.co,malware
w4y5u6.com,malware
wishhoree1890.com,malware
with-with.net,malware
xs5rur1she7eyry.jpn.com,malware
you.y-uh9k7n5y.tokyo,malware
57zyazmk.jp,malware
a.tlineat.jp,malware
abc.lemon2023.com,malware
angelchance.com,malware
b2ujcm.com,malware
be-loaded.com,malware
characteristicobservant.com,malware
clarinet20.com,malware
coralnov.jp,malware
deai.amour-site.com,malware
deaisaito.jp,malware
dia-lover.com,malware
doorway-of-guidance.com,malware
ed-blissful.com,malware
eika-akie220202.com,malware
eternalfame461.com,malware
ev-upstart.com,malware
for-tg.com,malware
for20-coco.com,malware
fortune-gluck.com,malware
fortune-mooon.com,malware
ft-flower.com,malware
fukugyou2022.net,malware
fukukomachi-220513.com,malware
fukunoha211013.com,malware
fukura210317.com,malware
future-marvellous.com,malware
gdzewykg-e6bh3e.com,malware
gluck-happy.com,malware
gluck-fortune.com,malware
gluck-happyuranai.com,malware
gluck-horoscope.com,malware
gluck-luckyuranai.com,malware
gluck-miracleuranai.com,malware
gluck-secreturanai.com,malware
gluck-uranai-gluck.com,malware
gluck-uranaisalon.com,malware
gogonews.club,malware
happiness-sign.com,malware
happy-gluck.com,malware
happyuranai-gluck.com,malware
heart-uranai.com,malware
holydivination.com,malware
honnkaku-uranai-gluck.com,malware
horoscope-gluck.com,malware
iflirts.com,malware
im-excellent.com,malware
infomessagehappy.com,malware
iris-808.com,malware
jdig56po.com,malware
kaaairoo549kai.com,malware
kahimeyuki.jp,malware
kairos-9987kaa.com,malware
kantan-uranai.com,malware
karinaroom.wixsite.com,malware
keitai-uranai.com,malware
l-chat.jp,malware
login-chat.net,malware
lovekatsu2277.com,malware
luckyuranai-gluck.com,malware
marine-nuts.online,malware
match1ng.com,malware
mintiia.com,malware
mio-love2.wixsite.com,malware
miracleuranai-gluck.com,malware
moon-1light.com,malware
moon1234moom.com,malware
mttk2020.jp,malware
mystery-forest.com,malware
mr-benjamin.com,malware
nexus.nice-splice.com,malware
oficialinesp.wixsite.com,malware
one-sunnyday.com,malware
online-gluck.com,malware
onlineuranai-gluck.com,malware
opponent-remain.com,malware
p-chi.info,malware
pairpure.jp,malware
pairpure.jp.net,malware
peoplemanmanpeople.com,malware
photo-gallery-picture2398.com,malware
pinponpaipan.com,malware
poke10ve.com,malware
pocketlove.jp,malware
pos.tnsd-apsq.com,malware
ppo.re9t-hmd0.com,malware
pulp-days.jp,malware
pwo.wane-jctl.com,malware
relife0001.com,malware
relifemail555.com,malware
s-kiseki.jp,malware
sebumu28.com,malware
secreturanai-gluck.com,malware
sevensmooon.com,malware
sign-happy.com,malware
smartphone-uranai.com,malware
su-hisenjutu.com,malware
suhi-senjutsu.com,malware
suhi-sejutsuexpert.com,malware
tada10ve.jp,malware
tada1ove.com,malware
take.the.n-chapter.jp,malware
themselves-embryo.com,malware
tkmailgirl.xyz,malware
toxic-ventilate.com,malware
ultratime.info,malware
umjdt.site,malware
uranai-gluck.com,malware
uranai-keitai.com,malware
uranai-smartphone.com,malware
uranaikantei-gluck.com,malware
uranaionline-gluck.com,malware
uranaisalon-gluck.com,malware
uu-charisma.jp,malware
v-yummy.com,malware
vin.vaji47uj.com,malware
vroom24.com,malware
vroom24365.com,malware
webdeai.jp,malware
wmw.matchin.jp,malware
wn56y7ve57j12zuv7tyj.com,malware
woman-good-job.work,malware
world.ex-advantage.jp,malware
xxa.uji8979erd77.jp,malware
y-tradie.com,malware
zaitaku-baito.com,malware
action0120.com,malware
alphabet0120.com,malware
au0212te.com,malware
auni230119.com,malware
backyardperipheral.com,malware
best-web2020.com,malware
computer0120.com,malware
cyber0120.com,malware
degmq5l23.jp,malware
direct198.com,malware
dosudosuo.com,malware
dotcom0120.com,malware
fanfande.net,malware
female-good.work,malware
forum0120.com,malware
foundate-core.net,malware
intern0120.com,malware
kasegeru-rank.com,malware
li-neeee.net,malware
linemail.work,malware
magnum0120.com,malware
make2022.com,malware
neutral0120.com,malware
positive0120.com,malware
protein0120.com,malware
okay-work.info,malware
ol2ewq989.jp,malware
openhouse0120.com,malware
refrain0120.com,malware
salon.beauty202201.com,malware
sbfw.work,malware
sma-talk.com,malware
smile-4u-2u.com,malware
sokkinjobmasu.work,malware
tim.time-time-zyunizi.com,malware
uj2tu1y.com,malware
unclependulum.com,malware
xxxmake.com,malware
yours-mail.com,malware
1litteno.home-walil1.jp,malware
1st-mail.jp,malware
2507u35ia6mk1.com,malware
2qpk150djf0ri.jp,malware
56fv2z8bfv9.com,malware
5jd2tj2idrool.com,malware
777.funnyy.net,malware
advancedaily711.com,malware
ai-ne.net,malware
ai-tas.com,malware
ai3tu.com,malware
alch.treas.jp,malware
amaenbo.jp,malware
amourplace.jp,malware
ancient-guidance.jp,malware
animal-vegetable.com,malware
apple012.com,malware
ataru-loto.com,malware
atchm.net,malware
bontruth.com,malware
c.onnect.jp,malware
c930lhsivns1b.jp,malware
chat111room-09.com,malware
confidencial-uniq.com,malware
connect-jumbo.com,malware
cosdate.jp,malware
cxbvnmyeruw.com,malware
d-hiyori.com,malware
daisukimatch.jp,malware
defendeerrpro.jp,malware
diamond-line.net,malware
dinosaur-crown.com,malware
dreamatch.jp,malware
edge-campaign-japan.com,malware
eiqnnmxvun5ge97.com,malware
en5wr67sag3.com,malware
enigma-quorum.com,malware
equation-of-happiness.com,malware
eromatchi.jp,malware
ev.every-every-happy.com,malware
fanta-stic.net,malware
flirt.com,malware
fx-protrade.net,malware
garden-nomadl1i.com,malware
ggcake.tindersplus.net,malware
glitter-girls.net,malware
gokuhuku.jp,malware
gyakusimei.com,malware
h-spe.net,malware
hapim.net,malware
happy-egg.net,malware
happylife-partner.com,malware
heartmatch.jp,malware
hho.yes-hhoyf.com,malware
home-22-time.com,malware
hy4ied3d.com,malware
i5h56ozira7l6.jp,malware
ideallife21.com,malware
ii-earth.com,malware
imvcenuietfmw.net,malware
itssofunny010.com,malware
jack-roaddinc.jp,malware
japanhotties.jp,malware
jdoasjfojuhod.com,malware
kaiunmegami.jp,malware
kaiunrecipe.com,malware
kmamk.net,malware
koipara.jp,malware
kring-stone.jp,malware
lib-333-lib.com,malware
likeandlive.com,malware
local-bang.com,malware
lovedotto.net,malware
lovewish.jp,malware
lrwxrawroemtghrmzbn.com,malware
lutherinfo.com,malware
luthersaite.com,malware
lux-ex.info,malware
lvmeet.net,malware
machimatch.jp,malware
matchmix.jp,malware
mem.wakuwa98.com,malware
mmdem.net,malware
mmkat.net,malware
mmlnc.net,malware
moelove.jp,malware
mustwork.work,malware
myocean.jp,malware
nakayama.chikarakosopower.com,malware
netsgram.com,malware
network.pochi-apricot.com,malware
nextaex.com,malware
one.thx-birthday.com,malware
one-two-up.jp,malware
one1-day.com,malware
otakuplay.jp,malware
otakurabu.jp,malware
p18d6.hp.peraichi.com,malware
pairnavipairnavi.com,malware
pakok.net,malware
paradise-angel.com,malware
paysnum.com,malware
peaces-ign.com,malware
peachzone.site,malware
plaza-l1o0nni-p1aza.com,malware
ps-sns0girls.com,malware
ptron.net,malware
pxk.jp,malware
ranch-1and.com,malware
removerted.com,malware
rexsvj8omabse.jp,malware
richheart.completelifetime.com,malware
room-582.com,malware
room-82yhjeidk.com,malware
s908b9n62w53u.jp,malware
sard1.com,malware
sca-letter.com,malware
sdhjak.com,malware
sea-into-53426l1.com,malware
sfsrch.com,malware
sns.smle.mobi,malware
sokudeai.jp,malware
sokuh.net,malware
sonic-nicehands.com,malware
specialapp-sns.com,malware
stowers-service.com,malware
sxtown.jp,malware
syakoba.com,malware
teamwork-project.com,malware
tennshinomitibiki01.com,malware
tenshinomitibiki.com,malware
theater-1iil1.com,malware
unafei-kokusai.com,malware
upforit.com,malware
uptoest.com,malware
vhills.net,malware
votteetten.com,malware
vqydliiyda.net,malware
wbp-hk.com,malware
wbpb9.com,malware
whim-w.net,malware
xn--4dkua4c8143c.jp,malware
xn--edkc9m807k.jp,malware
xn--n8j0la8wb3547bghe.jp,malware
xn--n8jwkyc7fw52nfvd.jp,malware
xn--z9j635l1gs.jp,malware
xn--z9jzga6u1506a.jp,malware
xtqmufypnebap.jp,malware
xyg.application-sns.com,malware
you4love.jp,malware
zil1u73o.mars-for-5gt2li.com,malware
zmaka.net,malware
taosaleset.com,malware
0281.jp,malware
0909810.com,malware
093093.jp,malware
11093.jp,malware
19093.jp,malware
2349.jp,malware
2h1.jp,malware
39093.net,malware
39093.tv,malware
4151.biz,malware
4151.tv,malware
55093.com,malware
55bdsm.com,malware
aeru.tv,malware
affairdating.com,malware
aitai.biz,malware
amantssexy.com,malware
askme4date.com,malware
b-7.jp,malware
babaroa.net,malware
bbs-7.jp,malware
bbsdx.jp,malware
benbbs.net,malware
bnbn.jp,malware
c-y.jp,malware
celcol.jp,malware
celebri.jp,malware
choucreme.com,malware
chy.jp,malware
cjok.net,malware
crostol.com,malware
datenabi.com,malware
doem.jp,malware
ebifri.com,malware
eraberu.jp,malware
erocm.com,malware
flirtanu.com,malware
flirtmoms.com,malware
freedom-garden.com,malware
freesexmatch.com,malware
geh.jp,malware
getnaughty.com,malware
gofun.jp,malware
gspo.jp,malware
guj.jp,malware
guw.jp,malware
h093.net,malware
hipma.jp,malware
hmai.jp,malware
hmhm.jp,malware
hoct.cc,malware
hxh.jp,malware
igetnaughty.com,malware
irha.jp,malware
jnjn.jp,malware
jukcha.com,malware
jukuana.net,malware
jyk.jp,malware
kadak.jp,malware
kanbbs.net,malware
kokanjo.net,malware
koubi.jp,malware
koy.jp,malware
ksds.jp,malware
linblog.info,malware
linguette.net,malware
locals.dating,malware
loveju.net,malware
mamak.jp,malware
matchx2.com,malware
meetdatekiss.com,malware
meetpie.net,malware
mejp.net,malware
mgirl.jp,malware
mland.jp,malware
mmnav.jp,malware
moecoco.com,malware
mymymy.net,malware
natadecoco.net,malware
naughtydate.com,malware
newhoney.jp,malware
nuide.net,malware
oneisan.net,malware
oolontya.com,malware
pair-pair.com,malware
panacota.net,malware
piparelli.net,malware
pirikitos.com,malware
pmew.jp,malware
pnav.jp,malware
quickflirt.com,malware
ricopin.com,malware
scnv.jp,malware
serev.net,malware
sfg.jp,malware
sfge.jp,malware
singles50.jp,malware
smab.jp,malware
smism.jp,malware
smmax.jp,malware
soha.jp,malware
sok8.net,malware
stomatico.com,malware
suguaitaina.com,malware
suguao.net,malware
sumatuma.com,malware
sxe.jp,malware
syasei.com,malware
tapi2.jp,malware
tarto.net,malware
tendermeetonline.com,malware
tendermeets.com,malware
tinql.com,malware
together.com,malware
maturedating.com,malware
topg.jp,malware
tubakinohimitsu.amebaownd.com,malware
tugonoyoi.com,malware
twowife.com,malware
txtx.jp,malware
ulla.com,malware
uniformdating.com,malware
wantubad.com,malware
wildmeets.com,malware
xgal.jp,malware
xzo.jp,malware
yceleb.com,malware
yourskiss.com,malware
bruno-brown.com,malware
life-is-luminous.com,malware
00ebjdbagyqwt.club,malware
0didjsgheje.club,malware
5050.fm,malware
6xtpke4.com,malware
8xpamp5fxd.com,malware
a5qd6qjhwg5d.com,malware
aberration-0000000001.com,malware
abstain-soldier.com,malware
adoptmeantranslate.com,malware
after-7.net,malware
aikatuz.jp,malware
all-time-domain.com,malware
always-happy-fortune.com,malware
alwayslike.safestspot.jp,malware
anau6stg6y.com,malware
andyou2.com,malware
aphrodite-astrology.net,malware
apppleheaddd.jp,malware
bestcosme.jp,malware
browser9182.web.fc2.com,malware
burmesterone.jp,malware
callb.biz,malware
catchmetalk.blog,malware
catchmetalk.com,malware
charecttorr.jp,malware
charm-n.com,malware
chesscheckersvariation.com,malware
circle7-bd.com,malware
club-house.link,malware
cocoro-liberty.com,malware
coin-of-fate.jp,malware
d-sr.net,malware
d-will.net,malware
daylighteel.com,malware
ddxdda.unusualdate.com,malware
digital-mail.jp,malware
divination-truth.com,malware
during-the-holiday.com,malware
e-d-en.com,malware
every-au.com,malware
every-bisque.com,malware
every-blanched.com,malware
every-cornsilk.com,malware
every-coral.com,malware
every-cute.com,malware
every-dark.com,malware
every-dodo.com,malware
every-ds123.com,malware
every-enjoy.com,malware
every-gold.com,malware
every-isb.com,malware
every-lemon.com,malware
every-light.com,malware
every-line1.com,malware
every-line2.com,malware
every-nejp.com,malware
every-pcpc.com,malware
every-rose.com,malware
every-salmon.com,malware
every-super.com,malware
every-toroku1.com,malware
every-toroku2.com,malware
every-toroku3.com,malware
every-yellow.com,malware
experiencedlawsuit.com,malware
extentfillet.com,malware
febdd.info,malware
flupshare.com,malware
fortune-start.com,malware
fortune-yakata.com,malware
g-spiritual.com,malware
gate-1-spiritual.com,malware
gnan.jp,malware
gnchag.com,malware
gran-danker.jp,malware
gyakunan.net,malware
happiness-gate01.com,malware
high-moon-sun.com,malware
higher-mainnd.jp,malware
hretdsubgrmc.jp,malware
htgefegf56756.xyz,malware
hy3irjf.com,malware
igazre.com,malware
jinsei-uranai2023.com,malware
just1ce.net,malware
kantei-oracle.com,malware
kinhako-lp.com,malware
kinhako-m01.com,malware
kinhako-m02.com,malware
kinhako-p01.com,malware
kinhako-p02.com,malware
lover-c.com,malware
luck-is-home.com,malware
mamagathering.org,malware
match007.jp,malware
mc-aoyama.com,malware
mercury-lp.net,malware
michibiki-uranai.com,malware
miracle-door.com,malware
mirai-kouun2023.com,malware
mjzca66n34j7.com,malware
moon-luck-power.com,malware
mother-sku.jp,malware
okanekasegeru.com,malware
online-777.jp,malware
p-mel.net,malware
part-ner01.jp,malware
peachcafe.net,malware
poison-idea.com,malware
polaris-775.com,malware
pollutionsatisfyadopt.com,malware
prophecy-of-fate.com,malware
rising-to-fortune.com,malware
rosaca-nina.net,malware
s-space.jp,malware
shinjitsu-mirai2023.com,malware
sokuai.jp,malware
sp-gt-meet.com,malware
spring-sealion.com,malware
spiritual-gt.com,malware
spiritual-leading.com,malware
sta.star-star777.com,malware
star-club-self.com,malware
star-superstar-yellow.com,malware
sugusagasu.com,malware
sukui01.com,malware
sukui02.com,malware
sukui03.com,malware
sukui04.com,malware
sukuinote.jp,malware
sumsmsp.info,malware
szddbxyumfcf.net,malware
tarot2fs.com,malware
telet.me,malware
this-you-good.com,malware
tikgold2023.com,malware
tomikuji.com,malware
ugfdwmausxfy.net,malware
unmei-hikari2023.com,malware
unmei2023.com,malware
uranai-beginning.com,malware
uranai-hit.com,malware
uranai-like.com,malware
utugmz93sr.com,malware
wafxz2.com,malware
wastearguewasteill.com,malware
web.fe-vrier.com,malware
whpbrmdss.com,malware
will-kantei.com,malware
wkdk.jp,malware
xmwvmzm3fd8h.com,malware
zrkp7fgmcdwe.com,malware
feemwshape.sbs,malware
6xy-zg.com,malware
bvnx599app.com,malware
cwa-2020.com,malware
dwoetbarcrooplsloiwh.com,malware
gargar.making-garden.com,malware
happy-popice.com,malware
kronos2022.com,malware
like-baloon-leaf.com,malware
mor.chance-10dayful.com,malware
octagongon.com,malware
qfmjw.arpviufltwiostoegrm.com,malware
s.meru.jp,malware
ts7nept8.com,malware
vcrwv.monster,malware
x-yz6asktoi.com,malware
x-yzn6.com,malware
x6-yz-kzyx0.com,malware
x6-yzk.com,malware
xy-z0-ra-had0.com,malware
xy-z6goo-xyz.com,malware
xy-z6x.com,malware
ytjon-d2s1ah.com,malware
lets-tip315.com,malware
loveri.net,malware
lvli.jp,malware
m2sg.jp,malware
mamasg.net,malware
mcbien.net,malware
mlaligms205s.com,malware
rollfa.net,malware
rollin-12fate.com,malware
rollin-fat1e.com,malware
sgua.jp,malware
spilov.net,malware
splv.jp,malware
suguap.net,malware
vien.jp,malware
a-power.jp,malware
eternal-station.jp,malware
fnyge.site,malware
friends-connect.com,malware
kinun-2023.com,malware
madonnaoasis.com,malware
msg.metamessen.net,malware
o-cean-fortune.biz,malware
o-cean-fortune.com,malware
secondary-with.com,malware
fure-ai.com,malware
fure-ai.site,malware
happy-classic.com,malware
poiu7895123.jp,malware
rea-love.net,malware
bvjdogmfommbobmedmf.com,malware
ggtt-more-special.com,malware
lpdoinoibnsndoppigh.com,malware
natu.natural-natural-pure.com,malware
npafnapnnapfpaengdf.com,malware
b6s4as9myw75g877krwp.com,malware
hr7sy8fpw7tr43u3dab2.com,malware
loving-happy.com,malware
pw3a2rps8p97x2u5-2rf.com,malware
wzbrughrw9a63hnfurap.com,malware
xa7f8d9i9su2pchn6mps.com,malware
btc8228.com,malware
btc9339.com,malware
eoxleiy.store,malware
abacus-prefix.com,malware
aj5sa87e.com,malware
celezma.net,malware
dismay-sacred.com,malware
hamfqppcycjiskc.com,malware
loveru.jp,malware
match-1match.jp,malware
morale-yellow.com,malware
quq.ygdd7ssl.com,malware
t1amo.jp,malware
gswwichggroup.top,malware
pffawtchpoffical.buzz,malware
qswwichqhood.top,malware
tswwichtband.top,malware
uggstore.online,malware
jampamn.online,malware
fair.alivio-platform.com,malware
pair-seat.net,malware
pairseat.net,malware
sez.jp,malware
matching-go.jp,malware
kira-kira.blue,malware
p-chi.tech,malware
rearea2022.com,malware
vanilla-japan.love,malware
jtybleua.jp,malware
mai-tel.jp,malware
sfc.bz,malware
sfget.jp,malware
download-campaign.com,malware
fine-cloud.net,malware
float-next.com,malware
matomenever.com,malware
mid-round.com,malware
otonanojikan13579.net,malware
up-loop.net,malware
videochat-fan.com,malware
3296cb.com,malware
8waku-fbfb.com,malware
mamamour.net,malware
apr-business.sa.com,malware
siasou.jp,malware
2chlovers.web.fc2.com,malware
lovez.jp,malware
hfmarkets001.com,malware
letakgrab.com,malware
pinskscope.life,malware
moremorelove.net,malware
accidentalunderground.jp,malware
after-noon.jp,malware
bse.bb64bb8.com,malware
chatchu.jp,malware
cupid-chat.net,malware
docommo.com,malware
doconno.com,malware
f9ng8gb.com,malware
fx640b4a8v2n.net,malware
grace-pot.com,malware
h76-hng7gvn.com,malware
latterinformation.jp,malware
leaf.lau-rier.com,malware
maiwai2.jp,malware
moon1hit.com,malware
moonlight-ebbandflow.com,malware
multiplelucky.jp,malware
nanroom.net,malware
nowtuma.net,malware
ny-ms.jp,malware
ownpayment.jp,malware
p39ztyx.com,malware
pastelism02.jpn.com,malware
pineapplecake-yummy.com,malware
platinum-center.com,malware
retailaudio.jp,malware
ssq.spofbd99.com,malware
sss-sidejob.com,malware
t26dmg9.com,malware
tokuyama-kaiun.com,malware
vy8monlf1t.com,malware
wifekai.net,malware
yummy-yuy.com,malware
yummy2-yuy.com,malware
zerocha.jp,malware
augury-uranainoizumi.com,malware
bexitzwfjipzs.jp,malware
catchato10.com,malware
chat-search.com,malware
fz988hnbaha.com,malware
happy.pp99adad.com,malware
hhh.u3se3jg3gae.com,malware
hzalwkcjbudom.info,malware
ii.iriiss.com,malware
let.attract1v3.com,malware
lmoox5.net,malware
mchynxqpiswuj.info,malware
mtl.metel-x-x-x.com,malware
panlcake.net,malware
paradise.shine-site.com,malware
s21aabb6.com,malware
sstt22free5.com,malware
utg.ri64-pdmv.com,malware
venus-uranainoizumi.com,malware
vgwkhaujofqxe.info,malware
whuaqdsfjktgr.info,malware
z4e2yem9edj.com,malware
vanillafrappuccino.jp,malware
vegansweeets.jp,malware
getmatch.jp,malware
mcpoc.linenet.top,malware
hn-mizuki.com,malware
urara02032023.com,malware
ang.el-mail.online,malware
atre-frer6.com,malware
berate-expressive.com,malware
comcom0511.com,malware
gloria-divination.,malware
mothersmilk.jp,malware
otomachi.jp,malware
smoothie-smoothie.jp,malware
suffix-consignment.com,malware
amazonlogistics.jp,malware
fukusenkan.com,malware
koi-chat.net,malware
sachikru.com,malware
sachikru1.com,malware
sachikru3.com,malware
sachikru4.com,malware
sachikru5.com,malware
sachikru6.com,malware
sachikru7.com,malware
sachikru8.com,malware
bookblack5208w.com,malware
freest200look.com,malware
leterthe-gese.com,malware
off-wiloeese.com,malware
the-style-free.info,malware
weekenddogkeep.com,malware
koundayori.com,malware
second-love-love.jp,malware
chuchu2.jp,malware
deaiai55.com,malware
kokocha.site,malware
hjytu75fro0.jp,malware
secssnetplan.jp,malware
3-uh9cj.com,malware
3x-c9ua.net,malware
68a9i9w.com,malware
988s82r.com,malware
efzhm85.com,malware
rhyprua.com,malware
tui8s2e.com,malware
emyqsvk7zw.com,malware
evqhubkfh8.com,malware
jinuja5zgm.com,malware
ljqq93npbr.com,malware
n9zxgxpdu6.com,malware
pnw0kbzjtt.com,malware
sdlbtwi3lr.com,malware
tvngrq6yat.com,malware
vjybuykaxz4.com,malware
willgood-will.com,malware
y2sysagetf.com,malware
san-dast.net,malware
dedestin0.jp,malware
fortune-fortuna.com,malware
legamee.jp,malware
miraiah.jp,malware
sen8senjya.jp,malware
happy-matome.com,malware
fukuroou.jp,malware
kennsaku.jp,malware
matchingsite.jp,malware
for.life-thrones.com,malware
7wbb.com,malware
me-ru.jp,malware
byoep.moustachespontaneous.com,malware
categorywrench.com,malware
cuddle.please-delight.com,malware
elephantdevout.com,malware
moustachespontaneous.com,malware
waterproofvile.com,malware
ht54s-grf.com,malware
hyop-ed12.com,malware
ss7-yhw0-wk.com,malware
st.stryyy.com,malware
w-dbl.com,malware
recruit-gold.com,malware
tokimake.site,malware
tokimeku.xyz,malware
6q5c53c6sg4z9vkkpqnc.com,malware
emoti-on.com,malware
jinsei-undesu.com,malware
sftqg7t9cyzjaw0b.com,malware
spiritual-jp.com,malware
unki-josho.com,malware
xdpiwrx7ub.net,malware
2022del-eats.com,malware
cl-oud9.com,malware
feve-r.com,malware
ma-tching.com,malware
mugicom.live,malware
romanc-e.com,malware
sns3615.com,malware
talkthattalkllc.com,malware
time1time.com,malware
go-ld-li-ne.site,malware
gold-line.click,malware
gold-line.online,malware
cloudmax.jp,malware
mama-piece.com,malware
mamakatu42.blogspot.com,malware
princess2022.com,malware
vivian.jp.net,malware
cha-nce.net,malware
mirusiru.online,malware
mirusiru.site,malware
mobileverify.net,malware
grabgiftcard.net,malware
giftcardhero.net,malware
ewapps.top,malware
awapps.cfd,malware
awapp.store,malware
cleansoft.online,malware
softlab.fun,malware
appxfree.com,malware
appxfree.top,malware
vbucks.buzz,malware
vbucks.cloud,malware
absent-pretty.net,malware
ahmrispfewmkhbwz.com,malware
aim-all.com,malware
breeding-ashes.com,malware
every0028.jp,malware
flash0007.jp,malware
grasshoppermirro.com,malware
nuts.sugar1105.com,malware
propro.promise-p-roror-452.com,malware
right-off.com,malware
tatuieaawtkjnxzj.com,malware
vacuumcleanerani.com,malware
prc.pr-e-c-i-o-us.com,malware
vghe0-ed7-d.com,malware
kounnomichishirube.net,malware
lucksignpost0804.org,malware
lightning02s.com,malware
lightning0707.com,malware
jkytd-rd3.com,malware
le.tter99.com,malware
silversex.com,malware
flirttime.com,malware
eyesput55.com,malware
scene7goal3.work,malware
all-friends0817.com,malware
ma-rry.net,malware
ma-rry.site,malware
altdorfer-niklaus.com,malware
cherish.royal-loyalty.com,malware
eliminateabyss.com,malware
lucky-star69.com,malware
lucky-star8.com,malware
tulip-tulip.net,malware
koinik.net,malware
ukylcim.top,malware
shop20.cheapsalesstore2023.com,malware
gallery-sight.com,malware
yurizono.com,malware
9gcpz8hu.com,malware
bobonheur.com,malware
cit-rine.com,malware
ctn-ctn.com,malware
holy-kantei.com,malware
sk3-renew.com,malware
unki-max.com,malware
boost6182ll.com,malware
eir.tdhg7ppa.com,malware
grea-fd12dr.com,malware
cpd.ipllo4ys.com,malware
htjrs-fgds.com,malware
recklessdroughtburglar.com,malware
the-match.jp,malware
ambition-1122.com,malware
decision-1122.com,malware
grateful-1122.com,malware
intimate-1122.com,malware
superior-1122.com,malware
arms-1122.com,malware
dawn-1122.com,malware
gain-1122.com,malware
live-1122.com,malware
soar-1122.com,malware
axis073236.com,malware
gekkei-jyu-gekkei-jyu.com,malware
gekkeijyu-gekkeijyu.com,malware
lemonadebb.net,malware
naruf4253090.com,malware
ev4ev.biz,malware
evkakuri2308.click,malware
gtex3.com,malware
nice.par-even.com,malware
pr-0m.link,malware
wa-nago-wagona.com,malware
chi-yo-1807chiyo.com,malware
fd-2.shop,malware
cuddle.koi-ba-na.com,malware
globalreward77.com,malware
jukukoi.jp,malware
jukukoi.me,malware
buono2023-web.com,malware
a3-1089115.com,malware
cloud3-3679244.com,malware
d3-8692227.com,malware
ic-05lion.com,malware
m3-8498263.com,malware
michi-fortune.jp,malware
miemashita.jp,malware
p3-5723935.com,malware
s3-8388725.com,malware
x3-001-8103.com,malware
x3-228-1713.com,malware
lovely-lovely.com,malware
shareno1wish.net,malware
cue-find.com,malware
d-position.com,malware
d-position.shop,malware
kaiunnookite.com,malware
bs-03-6743-2266.net,malware
love2-mail.com,malware
gokinjoscreen.com,malware
koun-wa.com,malware
koto-dama-kin.com,malware
one----talk.com,malware
pc.deainobasyo.jp,malware
tokimeki-2nd-life.com,malware
ewfwetqfbhmlodz.com,malware
wkcs.onesmbg-login.com,malware
bs-03-6743-2266.net,malware
love2-mail.com,malware
koto-dama-kin.com,malware
mariage-inc.com,malware
tokimeki-2nd-life.com,malware
mariage-inc.com,malware
tenmei-michibiki.com,malware
10vekatu.jp,malware
a-ro-ma.com,malware
a1tai7.jp,malware
atchao.jp,malware
bestchat-chat.com,malware
brs.bi09aso-yo.xyz,malware
brs.vacat81-best.tokyo,malware
chu-chu.jp,malware
deai-labo.site,malware
enenkatukatumail.com,malware
enjoylife2001.net,malware
ffr548tyfhe.jp,malware
fure-i.site,malware
k0k0cha.link,malware
ir0d0r1.jp,malware
lovelyhappy.jp,malware
lovemelo.net,malware
ma-t-chy.link,malware
maiwa12.jp,malware
mat-chy.site,malware
me08mo.com,malware
media-matchinggo.com,malware
meltiest.jp,malware
meltylove.jp,malware
mem44.com,malware
merukore.jp,malware
moremoremail.net,malware
p-pure.jp,malware
p0cket1ove.jp,malware
p0rte.site,malware
pairife.jp,malware
platinumpla2023.com,malware
riarialuvluv2023.com,malware
romance-time.net,malware
sez-pr.com,malware
soklove.net,malware
sugulove777.com,malware
ta0dal0ve.com/,malware
ta1kcall.site,malware
tada-love.jp,malware
tokimekitaine.net,malware
tokimekimaildesu.net,malware
tokumeichat135.net,malware
tokumeichatmail.net,malware
tsumatsuma.xyz,malware
olive-ft.jp,malware
fortuna-destiny.com,malware
fountain-unmei.com,malware
happylife-10uanai.com,malware
holy-12seizaholy.com,malware
shiawasenokotae.com,malware
super-spfortune.com,malware
uranai-fulfilledfuture.com,malware
welcome-happyroad.com,malware
az-l.com,malware
luna-t.net,malware
sm-bt.net,malware
sm-heaven.com,malware
smdotcom.com,malware
seselagi.com,malware
nc2.site,malware
recipe000.tokyo,malware
next.nexus2222.com,malware
5y4-hters-765.jp,malware
h5t4rsw-htrs.jp,malware
h6t4sw-nhytd.jp,malware
neyr5s-e45f.jp,malware
uj6y5defg.jp,malware
y54wdrg.com,malware
peach2023.net,malware
gokinjo---hot.com,malware
iwish.ltd,malware
matchin.site,malware
metalepsa.me,malware
nysoctieotion.tech,malware
peroiramus.me,malware
www.academicsingles.jp,malware
ado.wish-best.com,malware
ga6jkbl.jp,malware
keiunkan.com,malware
matching-search.jp,malware
matching-searchh.jp,malware
falsettoy.click,malware
on-li-ne.net,malware
rayon-mid.com,malware
pc.mt3sys.com,malware
as25ap.com,malware
asap15.com,malware
sm8787.com,malware
pc.line-center.jp,malware
pc.peach1ink.jp,malware
felicitaline.com,malware
foretheure.jp,malware
alt.com,malware
keenchimairaanthem.com,malware
pc.h1ma.jp,malware
pc.ta1k.jp,malware
63jehxd5vfi6.jp,malware
imiqmcyj4wjj.jp,malware
kev8ffh2n9a8.jp,malware
qeucuzpbv6jq.jp,malware
ccappu-ccinno.com,malware
ccappuccinno.com,malware
happiness-road.net,malware
daddyclub.net,malware
papamagic.net,malware
hoshi-no-michibiki.com,malware
hoshi-no-michibiki.jp,malware
miracle.magic-connect.net,malware
shinoriori2023.jp,malware
soft-pro.site,malware
exp-pc.com,malware
apkmirror.co,malware
webogram.org,malware
webogram.ru,malware
xn--80affa3aj0al.xn--80asehdb,malware
telegr.am/user_mgt/login,malware
tgram.ru,malware
telegramm.site,malware
web-telegram.net,malware
p5tvhrlw30h.click,malware
8narwi309.click,malware
sbjjzdwqg41ps.click,malware
9bghqk3avg2gnh.click,malware
6t09fag307ep.click,malware
zjzxtmhcldsb.click,malware
keychauoic.click,malware
80fvj17ws14n.click,malware
khw6g09fx28k.cfd,malware
49gw5gonj143k.click,malware
djxd2ox30l7.click,malware
2ajsvd12.com,malware
vgfrrtc.click,malware
vablecable.click,malware
rosterfile4u.click,malware
a18n5nh14xos.click,malware
xfiley.me,malware
n.fcd.su,malware
ru-torproject.ru,malware
anapatformacion.org/modules/file/tor/tor-browser.zip,malware
a-new86.com,malware
ane102.net,malware
honey888.love,malware
ima55notice.biz,malware
infozoomplus.biz,malware
koi2ru.com,malware
likechat33.net,malware
likechat33call.net,malware
pair55.net,malware
pair55call.net,malware
room2021.net,malware
roomoshirase.net,malware
smore91.net,malware
som419.net,malware
touchoshirase.net,malware
touchtacchi.net,malware
wsws1234.net,malware
wswsnews.net,malware
s3.amazonaws.com/extpro/speed4.html,malware
imgfarm.com/images/dlp2/prod$3p,malware
myway.com,malware
adblockers.b-cdn.net,malware
pleasetrack.com,malware
tor-browser-rus.ru,malware
ondigitalocean.app/*phone=+1-,malware
flexedfitt.com,malware
plesk.page/*?phone=,malware
satttawishonemottorecepi.online,malware
sanshuni-creeto-senfunamaki.online,malware
s3.ap-northeast-1.amazonaws.com/tedex.com/*/index.html,malware
smarttvnew.vercel.app,malware
activexsportswear.com,malware
besttreasurecoastroofing.com,malware
eharmonysingle.online,malware
errorordufhwe.s3.ap-south-1.amazonaws.com,malware
microsoftsupportservices.com,malware
teszoom.com,malware
tiffanyandtoke.com,malware
yewojoshi.shop,malware
s3.ap-northeast-2.amazonaws.com/%*!!%*/index.html,malware
s3.amazonaws.com/securityfotrus.1.13/index.html,malware
s3.eu-west-2.amazonaws.com/675.88.u6.8878/index.html,malware
s3.us-west-1.amazonaws.com/security.uni.firewall.,malware
westernbible.edu,malware
varchardetection777.site,malware
xngqoc.com,malware
chuberanetto.tech,malware
starglaxyheritez.tech,malware
websafety.online,malware
chuibesumeru.shop,malware
windwserror.com,malware
popts.site,malware
cnctddot.com,malware
woocommerce-sagepayments.com,malware
mct-niger.com,malware
julitaczerwinska.pl,malware
klinikmrc.com,malware
govimpot.com,malware
premiumexpertclass87.xyz,malware
pressanddresses.com,malware
hrmntrimagukeazctesto.shop,malware
stb-media.xyz,malware
compass-holding.com,malware
pguilford.com,malware
theweddingmahotsav.com,malware
xac2gjx.autos,malware
detailsreceipts.com,malware
hodllane.com,malware
hiddenamonghearts.com,malware
stowesupperclub.com,malware
185.161.248.253,malware
auditedmicros.website,malware
checkedservices.website,malware
tumhiho.site,malware
chutkeliye.online,malware
golovanov.net,malware
kimarikasta.online,malware
lucasmrahman.xyz,malware
odarimasta.online,malware
processprivate.website,malware
tobyaburton.xyz,malware
votuporn.cfd,malware
yaravoyara.online,malware
microagent.site,malware
165-227-173-120.plesk.page,malware
horporn.cfd,malware
dare2life.click,malware
pushlandings.b-cdn.net,malware
ssupp2.site,malware
webaudhar.online,malware
asian-maturedates.click,malware
flextd.shop,malware
pirocarsrepo.site,malware
64-226-126-114.plesk.page,malware
boomdates.online,malware
erroarwasuppoto.world,malware
fastndio.s3.eu-central-1.amazonaws.com,malware
ikiped.online,malware
mockgopickers.com,malware
pub-77106c9273be4f3fbec6b6d6c3c51b7f.r2.dev,malware
hosterunozxxxna.shop,malware
dbslfqowejd.b-cdn.net,malware
ghrthryh.b-cdn.net,malware
sok-rev.b-cdn.net,malware
antisoftjapan.site,malware
erroarwasuppoto.life,malware
updatemybrowser.website,malware
saludoads.com,malware
janganhackya.com,malware
jantalabh.online,malware
viewmerit.info,malware
blexad.shop,malware
xoty55.cfd,malware
dumbabd.online,malware
alewis.sbs,malware
edeyk.sbs,malware
edfzh.sbs,malware
tanhes.sbs,malware
tansxv.sbs,malware
tanvoa.sbs,malware
tanwmv.sbs,malware
kosbqn.sbs,malware
taniqj.sbs,malware
ahmxgv.sbs,malware
edluv.sbs,malware
koskdd.sbs,malware
liqftt.sbs,malware
s3.ap-northeast-1.amazonaws.com/ongoing.com/aanoitmessure/index.html,malware
foodhereandnow.com,malware
setkuttina.pages.dev,malware
liq27qbf.monster,malware
certificate-certificate.gettrials.com,malware
vasafreight.com/ajax.php?,malware
kos8sceu.pics,malware
thin-skinned-cost.000webhostapp.com,malware
boring-tesla.149-102-231-176.plesk.page,malware
happy-diwali-sabhiko-shubhkamneyen.b-cdn.net,malware
qwudbhasdwq9h.sa.com,malware
soramabola.online,malware
fcukxxx.com,malware
xbasugigqiuegiwqdbsx.s3.ap-northeast-1.amazonaws.com,malware
popworldservice.com,malware
perutzxrqe.ru.com,malware
qwudbhasdwq8h.sa.com,malware
uwqghwfdwqywetqwfghewqeqweig.s3.ap-southeast-2.amazonaws.com,malware
baattakkkk.online,malware
assitechnique.net,malware
kelectricalservices.com,malware
fantastic-salamander-c721cb.netlify.app,malware
webinfo0-1.nyc3.cdn.digitaloceanspaces.com,malware
shishimishi.shop,malware
track7.online,malware
ondigitalocean.app/*/index.php?cezp=,malware
antiiv.wizbest.com,malware
amazonaws.com/*.*.*.*.*.*.*.*/*/index*.html,malware
secu.ursecurityfixed.com,malware
jp-helplineweb-chrsmjinfgtizonedswebs-01.s3.ap-southeast-2.amazonaws.com,malware
veczxoensena.z11.web.core.windows.net,malware
germanytechsupport.pages.dev,malware
systemsupport.pages.dev,malware
techsupport-ev2.pages.dev,malware
pub-3b4d978c14114185847089b100168c84.r2.dev,malware
d3iaejhzpzsyle.amplifyapp.com,malware
31snowmeprona.ru.com,malware
99snowmeprona.sa.com,malware
9wqjkdisaodjwqd.sa.com,malware
tingtang.pages.dev,malware
tomtom.pages.dev,malware
hiii.dv-tube.com,malware
wertyhjuhg.online,malware
gateway.pinata.cloud$3p,malware
japanonlinebroadcast.live,malware
crackedpc.org,malware
cracksway.com,malware
gamingnewsanalyst.com,malware
gamingdebates.com,malware
bonzi.link,malware
bestgames-2022.com,malware
videoadblocker.pro,malware
pccdirect.site,malware
templatesearch.org,malware
f-i-n-d.onlyfuns.win,malware
search-journal.onlyfuns.win,malware
ftx.onlyfuns.win,malware
starssp.top,malware
adultpics.wiki,malware
gamefabrique.com,malware
d2r3dgsh5nr4kg.cloudfront.net/installer/,malware
skytils.net,malware
skyblockmaniacs.net,malware
fragbots.net,malware
hard-configurator.com,malware
filmshngjbzix.blogspot.com,malware
mopiez.com,malware
goglel.com,malware
easylist.club,malware
roundyearfun.org,malware
roundyearfun.com,malware
anyplacehere.me,malware
funaroundy.click,malware
anyplacehere.live,malware
funtwitter.games,malware
twitter-circle.com,malware
funroundy.click,malware
twitterfun.games,malware
funxgames.site,malware
funroundy.online,malware
funxgames.me,malware
anyplacehere.store,malware
bestextensionegde.com,malware
anglebank.space,malware
asdmcm.com,malware
"fitgirl-repacks.*,domain=~fitgirl-repacks.site,to=~fitgirl-repacks.site",malware
"fitgirl-repack.*,domain=~fitgirl-repacks.site",malware
"fitgirlrepacks.*,domain=~fitgirl-repacks.site",malware
"fitgirlrepack.*,domain=~fitgirl-repacks.site",malware
"fitgirls-repack.*,domain=~fitgirl-repacks.site",malware
"fitgirl-repacks-site.org,domain=~fitgirl-repacks.site",malware
"fitgirlrepacksite.com,domain=~fitgirl-repacks.site",malware
"fitgirl.cc,domain=~fitgirl-repacks.site",malware
"fitgirlrepackz.*,domain=~fitgirl-repacks.site",malware
magiskmanager.com,malware
magisk.me,malware
magiskapp.com,malware
magiskroot.com,malware
magiskroot.net,malware
magisks.com,malware
themagisk.com,malware
magiskzip.*,malware
magiskmodule.com,malware
magiskmanagerroot.com,malware
magisk.download,malware
magiskmanager.com,malware
magisk.info,malware
"libretube.*,domain=~libretube.dev,to=~libretube.dev",malware
"libretubeapk.com,domain=~libretube.dev",malware
"revanced.*,from=~revanced.app,to=~revanced.app",malware
"revancedapk.*,domain=~revanced.app",malware
"revancedapp.*,domain=~revanced.app",malware
"ytvancedpro.com,domain=~revanced.app",malware
"youtubevanced.*,domain=~revanced.app",malware
"youtuberevanced.*,domain=~revanced.app",malware
"re-vanced.com,domain=~revanced.app",malware
"revancedio.com,domain=~revanced.app",malware
"revanceddl.com,domain=~revanced.app",malware
"revancedapp.net,domain=~revanced.app",malware
"revancedmusic.com,domain=~revanced.app",malware
"revancedyoutube.org,domain=~revanced.app",malware
"revancedextend.com,domain=~revanced.app",malware
"revancedextended.*,domain=~revanced.app",malware
"revanced-extended.com,domain=~revanced.app",malware
"extendedrevanced.com,domain=~revanced.app",malware
"youtuberevancedextended.com,domain=~revanced.app",malware
"ytrevanced.*,domain=~revanced.app",malware
"tuberevanced.com,domain=~revanced.app",malware
"vanced-official.com,domain=~revanced.app",malware
"vanced.pro,domain=~revanced.app",malware
"vancedmanager.*,domain=~revanced.app",malware
"luckypatchers.net,domain=~luckypatchers.com",malware
"luckypatcherwin.com,domain=~luckypatchers.com",malware
"etcher.net,domain=~etcher.balena.io",malware
"etcher.download,domain=~etcher.balena.io",malware
"balenaetcher.*,domain=~etcher.balena.io",malware
"balena-etcher.com,domain=~etcher.balena.io",malware
"vencord.app,domain=~vencord.dev",malware
"newpipe.app,domain=~newpipe.net",malware
reink2.top,malware
86pmafno21mst.com,malware
akyr3h9x5mb.com,malware
tiger.qnews.media$3p,malware
imbolexabc.top,malware
s8bet.com,malware
camarauchoa.sp.gov.br/video/10*.html,malware
central156.osasco.sp.gov.br/video/video_,malware
crasp.gov.br/poker*.html,malware
cruzeiro.rs.gov.br/uploads/tinymce/files/files/Nova/video_,malware
diamantedonorte.pr.gov.br/slot/addressrjz-xtipv9qew.html,malware
paranhos.ms.gov.br/ios/waykls/,malware
ssp.sp.gov.br/ead/*/video/video_,malware
azure.z97z.com/go.html,malware
br.zmdesf.cn/br.js,malware
js.eventbr.xyz/vip/crazy.js,malware
sites.uft.edu.br/topama/news.php,malware
pmf.sc.gov.br/arquivos/br.php,malware
070880.com/br.js,malware
cutterbijes.com,malware
dhotelzao.com,malware
tamilislamgate.com,malware
adblock1.com,malware
newupdatesnow.com,malware
thefinanceadvice.com,malware
fralstamp-genglyric.icu,malware
ilil.in,malware
ruiukp.top,malware
ets2.gr,malware
unitradingbot.com,malware
unitradingtool.info,malware
cealits.com,malware
eventdrops.com,malware
elemateletronic.click,malware
chromegoogle.cn,malware
mk90.shop,malware
mevnow.com,malware
mevtime.com,malware
eth-mev.com,malware
nitroshiba.com,malware
blast-drops.com,malware
starkfond.net,malware
stalkforx.ru,malware
stalktoolss.ru,malware
stalkanalysis.ru,malware
pepzk-community.xyz,malware
arbitragebot.team,malware
arbitrageinstruction.media,malware
arbitrageproject.blog,malware
autotradeguide.pro,malware
botarbitrages.pro,malware
ethmevbot.com,malware
ethmevsetup.group,malware
guidesetup.pro,malware
mevfrontbot.info,malware
mevsetup.site,malware
publicbot.pro,malware
setupbot.info,malware
strategyarbitrages.pro,malware
tradingstart.pro,malware
uni-setup.media,malware
uni-trading.pro,malware
uniguide.media,malware
unisettings.pro,malware
uniswapbot.team,malware
uproject.team,malware
web-instruction.team,malware
webarbitraging.pro,malware
0x00000000000.substack.com,malware
etharticles.substack.com,malware
publicationgroup.substack.com,malware
teamproject.substack.com,malware
tradestrategy.substack.com,malware
uniproject.substack.com,malware
web3projects.substack.com,malware
webpublic.substack.com,malware
qqniiml.qqacc.art,malware
counter-strike2-official.net,malware
app0w.ltd,malware
primeleech.com,malware
privacyguides.io,malware
skinboxs.com,malware
https://www.facebook.com/,benign
https://www.instagram.com/,benign
https://twitter.com/,benign
https://www.linkedin.com/,benign
https://www.pinterest.com/,benign
https://www.reddit.com/,benign
https://www.snapchat.com/,benign
https://www.tumblr.com/,benign
https://www.youtube.com/,benign
https://www.whatsapp.com/,benign
https://www.telegram.org/,benign
https://www.discord.com/,benign
https://www.vimeo.com/,benign
https://www.quora.com/,benign
https://www.medium.com/,benign
https://www.twitch.tv/,benign
https://www.tiktok.com/,benign
https://www.snapchat.com/,benign
https://www.flickr.com/,benign
https://www.meetup.com/,benign
https://www.soundcloud.com/,benign
https://www.goodreads.com/,benign
https://www.stumbleupon.com/,benign
https://www.periscope.tv/,benign
https://www.ello.co/,benign
https://www.yelp.com/,benign
https://www.behance.net/,benign
https://www.dribbble.com/,benign
https://www.xing.com/,benign
https://www.weheartit.com/,benign